Location,Track,ServerID,Rough Lap Time,imgLocURL,imgTrackURL,Surface,Track Length Km,Arena Size HA,isDemo,isFig8,isOval,hasJumps,hasIntersection,hasHeadOn,ModName,Weathers/ToD,Random,Clear Sunrise,Hazy Sunrise,Overcast Sunrise,Cloudy Sunrise,Clear Morning,Hazy Morning,Overcast Morning,Cloudy Morning,Clear Day,Hazy Day,Overcast Day,Cloudy Day,Foggy Day,Stormy Day,Clear Noon,Clear Afternoon,Hazy Afternoon,Overcast Afternoon,Cloudy Afternoon,Clear Evening,Cloudy Evening,Stormy Evening,Clear Sunset,Cloudy Sunset,Notes
Big Valley Speedway,Open Demolition Arena,speedway2_classic_arena            ,,https://github.com/KazSoftwareEngineer/WreckfestData/blob/main/img/BigValleySpeedway/BigValleySpeedway.PNG,https://github.com/KazSoftwareEngineer/WreckfestData/blob/main/img/BigValleySpeedway/OpenDemolitionArena/OpenDemolitionArena.PNG,100% Tarmac,,5.81,TRUE,FALSE,FALSE,FALSE,FALSE,FALSE,None,,TRUE,FALSE,FALSE,FALSE,TRUE,FALSE,FALSE,FALSE,FALSE,TRUE,FALSE,TRUE,FALSE,FALSE,FALSE,FALSE,TRUE,FALSE,FALSE,FALSE,FALSE,FALSE,FALSE,FALSE,TRUE,
Big Valley Speedway,Demolition Arena,speedway2_demolition_arena      ,,https://github.com/KazSoftwareEngineer/WreckfestData/blob/main/img/BigValleySpeedway/BigValleySpeedway.PNG,https://github.com/KazSoftwareEngineer/WreckfestData/blob/main/img/BigValleySpeedway/DemolitionArena/DemolitionArena.PNG,100% Tarmac,,5.81,TRUE,FALSE,FALSE,FALSE,FALSE,FALSE,None,,TRUE,FALSE,FALSE,FALSE,TRUE,FALSE,FALSE,FALSE,FALSE,TRUE,FALSE,TRUE,FALSE,FALSE,FALSE,FALSE,TRUE,FALSE,FALSE,FALSE,FALSE,FALSE,FALSE,FALSE,TRUE,
Big Valley Speedway,Figure 8,speedway2_figure_8                     ,"""0:25""",https://github.com/KazSoftwareEngineer/WreckfestData/blob/main/img/BigValleySpeedway/BigValleySpeedway.PNG,https://github.com/KazSoftwareEngineer/WreckfestData/blob/main/img/BigValleySpeedway/Figure8/Figure8.PNG,100% Tarmac,0.67,,FALSE,TRUE,FALSE,FALSE,TRUE,FALSE,None,,TRUE,FALSE,FALSE,FALSE,TRUE,FALSE,FALSE,FALSE,FALSE,TRUE,FALSE,TRUE,FALSE,FALSE,FALSE,FALSE,TRUE,FALSE,FALSE,FALSE,FALSE,FALSE,FALSE,FALSE,TRUE,
Big Valley Speedway,Inner Oval,speedway2_inner_oval                 ,"""0:20""",https://github.com/KazSoftwareEngineer/WreckfestData/blob/main/img/BigValleySpeedway/BigValleySpeedway.PNG,https://github.com/KazSoftwareEngineer/WreckfestData/blob/main/img/BigValleySpeedway/InnerOval/InnerOval.PNG,100% Tarmac,0.56,,FALSE,FALSE,TRUE,TRUE,FALSE,FALSE,None,,TRUE,FALSE,FALSE,FALSE,TRUE,FALSE,FALSE,FALSE,FALSE,TRUE,FALSE,TRUE,FALSE,FALSE,FALSE,FALSE,TRUE,FALSE,FALSE,FALSE,FALSE,FALSE,FALSE,FALSE,TRUE,
Big Valley Speedway,Outer Oval,speedway2_outer_oval                 ,"""0:25""",https://github.com/KazSoftwareEngineer/WreckfestData/blob/main/img/BigValleySpeedway/BigValleySpeedway.PNG,https://github.com/KazSoftwareEngineer/WreckfestData/blob/main/img/BigValleySpeedway/OuterOval/OuterOval.PNG,100% Tarmac,0.76,,FALSE,FALSE,TRUE,TRUE,FALSE,FALSE,None,,TRUE,FALSE,FALSE,FALSE,TRUE,FALSE,FALSE,FALSE,FALSE,TRUE,FALSE,TRUE,FALSE,FALSE,FALSE,FALSE,TRUE,FALSE,FALSE,FALSE,FALSE,FALSE,FALSE,FALSE,TRUE,
Big Valley Speedway,Outer Oval Loop,speedway2_oval_loop,"""1:00""",https://github.com/KazSoftwareEngineer/WreckfestData/blob/main/img/BigValleySpeedway/BigValleySpeedway.PNG,https://github.com/KazSoftwareEngineer/WreckfestData/blob/main/img/BigValleySpeedway/OuterOvalLoop/OuterOvalLoop.PNG,100% Tarmac,1.65,,FALSE,FALSE,FALSE,FALSE,FALSE,TRUE,None,,TRUE,FALSE,FALSE,FALSE,TRUE,FALSE,FALSE,FALSE,FALSE,TRUE,FALSE,TRUE,FALSE,FALSE,FALSE,FALSE,TRUE,FALSE,FALSE,FALSE,FALSE,FALSE,FALSE,FALSE,TRUE,
Bleak City,Race Track,crm01_1,"""1:40""",https://github.com/KazSoftwareEngineer/WreckfestData/blob/main/img/BleakCity/BleakCity.PNG,https://github.com/KazSoftwareEngineer/WreckfestData/blob/main/img/BleakCity/RaceTrack/RaceTrack.PNG,100% Gravel,3.44,,FALSE,FALSE,FALSE,FALSE,FALSE,TRUE,None,,TRUE,FALSE,TRUE,FALSE,FALSE,FALSE,FALSE,FALSE,FALSE,TRUE,FALSE,TRUE,TRUE,FALSE,FALSE,FALSE,FALSE,FALSE,FALSE,FALSE,FALSE,FALSE,FALSE,FALSE,FALSE,
Bleak City,Free Roam,crm01_2,,https://github.com/KazSoftwareEngineer/WreckfestData/blob/main/img/BleakCity/BleakCity.PNG,https://github.com/KazSoftwareEngineer/WreckfestData/blob/main/img/BleakCity/FreeRoam/FreeRoam.PNG,100% Tarmac,,2.52,TRUE,FALSE,FALSE,TRUE,FALSE,FALSE,None,,TRUE,FALSE,TRUE,FALSE,FALSE,FALSE,FALSE,FALSE,FALSE,TRUE,FALSE,TRUE,TRUE,FALSE,FALSE,FALSE,FALSE,FALSE,FALSE,FALSE,FALSE,FALSE,FALSE,FALSE,FALSE,
Bleak City,Demolition Arena,crm01_3,,https://github.com/KazSoftwareEngineer/WreckfestData/blob/main/img/BleakCity/BleakCity.PNG,https://github.com/KazSoftwareEngineer/WreckfestData/blob/main/img/BleakCity/DemolitionArena/DemolitionArena.PNG,100% Tarmac,,2.52,TRUE,FALSE,FALSE,TRUE,FALSE,FALSE,None,,TRUE,FALSE,TRUE,FALSE,FALSE,FALSE,FALSE,FALSE,FALSE,TRUE,FALSE,TRUE,TRUE,FALSE,FALSE,FALSE,FALSE,FALSE,FALSE,FALSE,FALSE,FALSE,FALSE,FALSE,FALSE,
Bleak City,Race Track Reverse,crm01_5,"""1:40""",https://github.com/KazSoftwareEngineer/WreckfestData/blob/main/img/BleakCity/BleakCity.PNG,https://github.com/KazSoftwareEngineer/WreckfestData/blob/main/img/BleakCity/RaceTrackReverse/RaceTrackReverse.PNG,100% Gravel,3.44,,FALSE,FALSE,FALSE,FALSE,FALSE,TRUE,None,,TRUE,FALSE,TRUE,FALSE,FALSE,FALSE,FALSE,FALSE,FALSE,TRUE,FALSE,TRUE,TRUE,FALSE,FALSE,FALSE,FALSE,FALSE,FALSE,FALSE,FALSE,FALSE,FALSE,FALSE,FALSE,
Bloomfield Speedway,Dirt Oval,dirt_speedway_dirt_oval               ,"""0:15""",https://github.com/KazSoftwareEngineer/WreckfestData/blob/main/img/BloomfieldSpeedway/BloomfieldSpeedway.PNG,https://github.com/KazSoftwareEngineer/WreckfestData/blob/main/img/BloomfieldSpeedway/DirtOval/DirtOval.PNG,100% Dirt,0.41,,FALSE,FALSE,TRUE,FALSE,FALSE,FALSE,None,,TRUE,FALSE,FALSE,FALSE,TRUE,FALSE,FALSE,FALSE,FALSE,TRUE,FALSE,TRUE,FALSE,FALSE,FALSE,FALSE,TRUE,FALSE,FALSE,FALSE,FALSE,FALSE,FALSE,FALSE,TRUE,
Bloomfield Speedway,Figure 8,dirt_speedway_figure_8               ,"""0:25""",https://github.com/KazSoftwareEngineer/WreckfestData/blob/main/img/BloomfieldSpeedway/BloomfieldSpeedway.PNG,https://github.com/KazSoftwareEngineer/WreckfestData/blob/main/img/BloomfieldSpeedway/Figure8/Figure8.PNG,100% Dirt,0.5,,FALSE,TRUE,FALSE,FALSE,TRUE,FALSE,None,,TRUE,FALSE,FALSE,FALSE,TRUE,FALSE,FALSE,FALSE,FALSE,TRUE,FALSE,TRUE,FALSE,FALSE,FALSE,FALSE,TRUE,FALSE,FALSE,FALSE,FALSE,FALSE,FALSE,FALSE,TRUE,
Bonebreaker Valley,Main Circuit,bonebreaker_valley_main_circuit,"""0:35""",https://github.com/KazSoftwareEngineer/WreckfestData/blob/main/img/BonebreakerValley/BonebreakerValley.PNG,https://github.com/KazSoftwareEngineer/WreckfestData/blob/main/img/BonebreakerValley/MainCircuit/MainCircuit.PNG,71% Gravel/29% Dirt,0.85,,FALSE,FALSE,FALSE,TRUE,FALSE,TRUE,None,,TRUE,TRUE,FALSE,FALSE,FALSE,FALSE,FALSE,FALSE,FALSE,TRUE,FALSE,FALSE,FALSE,FALSE,FALSE,FALSE,FALSE,FALSE,FALSE,TRUE,FALSE,FALSE,FALSE,FALSE,FALSE,
Boulder Bank Circuit,Main Route,sandpit3_long_loop                       ,"""1:25""",https://github.com/KazSoftwareEngineer/WreckfestData/blob/main/img/BoulderBankCircuit/BoulderBankCircuit.PNG,https://github.com/KazSoftwareEngineer/WreckfestData/blob/main/img/BoulderBankCircuit/MainRoute/MainRoute.PNG,76% Gravel/24% Tarmac,2.88,,FALSE,FALSE,FALSE,FALSE,TRUE,FALSE,None,,TRUE,TRUE,FALSE,FALSE,FALSE,FALSE,FALSE,FALSE,FALSE,FALSE,FALSE,FALSE,FALSE,TRUE,FALSE,FALSE,FALSE,FALSE,FALSE,FALSE,TRUE,FALSE,FALSE,FALSE,TRUE,
Boulder Bank Circuit,Main Route Reverse,sandpit3_long_loop_rev                ,"""1:25""",https://github.com/KazSoftwareEngineer/WreckfestData/blob/main/img/BoulderBankCircuit/BoulderBankCircuit.PNG,https://github.com/KazSoftwareEngineer/WreckfestData/blob/main/img/BoulderBankCircuit/MainRouteReverse/MainRouteReverse.PNG,76% Gravel/24% Tarmac,2.88,,FALSE,FALSE,FALSE,FALSE,TRUE,FALSE,None,,TRUE,TRUE,FALSE,FALSE,FALSE,FALSE,FALSE,FALSE,FALSE,FALSE,FALSE,FALSE,FALSE,TRUE,FALSE,FALSE,FALSE,FALSE,FALSE,FALSE,TRUE,FALSE,FALSE,FALSE,TRUE,
Boulder Bank Circuit,Short Route,sandpit3_short_loop                     ,"""1:05""",https://github.com/KazSoftwareEngineer/WreckfestData/blob/main/img/BoulderBankCircuit/BoulderBankCircuit.PNG,https://github.com/KazSoftwareEngineer/WreckfestData/blob/main/img/BoulderBankCircuit/ShortRoute/ShortRoute.PNG,72% Gravel/28% Tarmac,2.34,,FALSE,FALSE,FALSE,FALSE,TRUE,FALSE,None,,TRUE,TRUE,FALSE,FALSE,FALSE,FALSE,FALSE,FALSE,FALSE,FALSE,FALSE,FALSE,FALSE,TRUE,FALSE,FALSE,FALSE,FALSE,FALSE,FALSE,TRUE,FALSE,FALSE,FALSE,TRUE,
Boulder Bank Circuit,Short Route Reverse,sandpit3_short_loop_rev   ,"""1:05""",https://github.com/KazSoftwareEngineer/WreckfestData/blob/main/img/BoulderBankCircuit/BoulderBankCircuit.PNG,https://github.com/KazSoftwareEngineer/WreckfestData/blob/main/img/BoulderBankCircuit/ShortRouteReverse/ShortRouteReverse.PNG,72% Gravel/28% Tarmac,2.34,,FALSE,FALSE,FALSE,FALSE,TRUE,FALSE,None,,TRUE,TRUE,FALSE,FALSE,FALSE,FALSE,FALSE,FALSE,FALSE,FALSE,FALSE,FALSE,FALSE,TRUE,FALSE,FALSE,FALSE,FALSE,FALSE,FALSE,TRUE,FALSE,FALSE,FALSE,TRUE,
Clayridge Circuit,Main Circuit,mixed9_r1,"""0:40""",https://github.com/KazSoftwareEngineer/WreckfestData/blob/main/img/ClayridgeCircuit/ClayridgeCircuit.PNG,https://github.com/KazSoftwareEngineer/WreckfestData/blob/main/img/ClayridgeCircuit/MainCircuit/MainCircuit.PNG,65% Gravel/35% Tarmac,1.16,,FALSE,FALSE,FALSE,FALSE,FALSE,FALSE,None,,TRUE,FALSE,FALSE,FALSE,TRUE,TRUE,FALSE,FALSE,FALSE,FALSE,FALSE,FALSE,FALSE,FALSE,FALSE,FALSE,FALSE,FALSE,FALSE,FALSE,FALSE,FALSE,FALSE,FALSE,FALSE,
Clayridge Circuit,Main Circuit Reverse,mixed9_r1_rev,"""0:40""",https://github.com/KazSoftwareEngineer/WreckfestData/blob/main/img/ClayridgeCircuit/ClayridgeCircuit.PNG,https://github.com/KazSoftwareEngineer/WreckfestData/blob/main/img/ClayridgeCircuit/MainCircuitReverse/MainCircuitReverse.PNG,65% Gravel/35% Tarmac,1.16,,FALSE,FALSE,FALSE,FALSE,FALSE,FALSE,None,,TRUE,FALSE,FALSE,FALSE,TRUE,TRUE,FALSE,FALSE,FALSE,FALSE,FALSE,FALSE,FALSE,FALSE,FALSE,FALSE,FALSE,FALSE,FALSE,FALSE,FALSE,FALSE,FALSE,FALSE,FALSE,
Crash Canyon,Main Circuit,crash_canyon_main_circuit            ,"""0:35""",https://github.com/KazSoftwareEngineer/WreckfestData/blob/main/img/CrashCanyon/CrashCanyon.PNG,https://github.com/KazSoftwareEngineer/WreckfestData/blob/main/img/CrashCanyon/MainCircuit/MainCircuit.PNG,100% Gravel,1.01,,FALSE,FALSE,FALSE,TRUE,FALSE,TRUE,None,,TRUE,TRUE,FALSE,FALSE,FALSE,FALSE,FALSE,FALSE,FALSE,TRUE,FALSE,FALSE,TRUE,FALSE,FALSE,FALSE,FALSE,FALSE,FALSE,FALSE,FALSE,FALSE,FALSE,FALSE,TRUE,
Deathloop,Main Circuit,loop,"""0:40""",https://github.com/KazSoftwareEngineer/WreckfestData/blob/main/img/Deathloop/Deathloop.PNG,https://github.com/KazSoftwareEngineer/WreckfestData/blob/main/img/Deathloop/MainCircuit/MainCircuit.PNG,78% Tarmac/22% Wood,1.18,,FALSE,FALSE,FALSE,TRUE,TRUE,FALSE,None,,TRUE,FALSE,FALSE,FALSE,FALSE,FALSE,FALSE,FALSE,TRUE,TRUE,FALSE,TRUE,FALSE,FALSE,FALSE,FALSE,TRUE,FALSE,FALSE,FALSE,FALSE,FALSE,FALSE,TRUE,FALSE,
Devil's Canyon,Race Track,crm02_1,"""1:20""",https://github.com/KazSoftwareEngineer/WreckfestData/blob/main/img/Devil'sCanyon/Devil'sCanyon.PNG,https://github.com/KazSoftwareEngineer/WreckfestData/blob/main/img/Devil'sCanyon/RaceTrack/RaceTrack.PNG,100% Gravel,2.62,,FALSE,FALSE,FALSE,FALSE,FALSE,FALSE,None,,TRUE,FALSE,TRUE,FALSE,FALSE,FALSE,FALSE,FALSE,FALSE,TRUE,FALSE,TRUE,TRUE,FALSE,FALSE,FALSE,FALSE,FALSE,FALSE,FALSE,FALSE,FALSE,FALSE,FALSE,FALSE,
Devil's Canyon,Free Roam,crm02_2,,https://github.com/KazSoftwareEngineer/WreckfestData/blob/main/img/Devil'sCanyon/Devil'sCanyon.PNG,https://github.com/KazSoftwareEngineer/WreckfestData/blob/main/img/Devil'sCanyon/FreeRoam/FreeRoam.PNG,100% Gravel,,0.26,TRUE,FALSE,FALSE,TRUE,FALSE,FALSE,None,,TRUE,FALSE,TRUE,FALSE,FALSE,FALSE,FALSE,FALSE,FALSE,TRUE,FALSE,TRUE,TRUE,FALSE,FALSE,FALSE,FALSE,FALSE,FALSE,FALSE,FALSE,FALSE,FALSE,FALSE,FALSE,
Dirt Devil Stadium,Dirt Speedway,triangle_r1,"""0:40""",https://github.com/KazSoftwareEngineer/WreckfestData/blob/main/img/DirtDevilStadium/DirtDevilStadium.PNG,https://github.com/KazSoftwareEngineer/WreckfestData/blob/main/img/DirtDevilStadium/DirtSpeedway/DirtSpeedway.PNG,100% Gravel,0.99,,FALSE,FALSE,FALSE,TRUE,FALSE,FALSE,None,,TRUE,FALSE,FALSE,FALSE,TRUE,FALSE,FALSE,FALSE,FALSE,TRUE,FALSE,FALSE,FALSE,FALSE,FALSE,FALSE,FALSE,FALSE,TRUE,FALSE,FALSE,FALSE,FALSE,TRUE,FALSE,
Dirt Devil Stadium,Demolition Arena,triangle_r2,,https://github.com/KazSoftwareEngineer/WreckfestData/blob/main/img/DirtDevilStadium/DirtDevilStadium.PNG,https://github.com/KazSoftwareEngineer/WreckfestData/blob/main/img/DirtDevilStadium/DemolitionArena/DemolitionArena.PNG,100% Gravel,,2.33,TRUE,FALSE,FALSE,TRUE,FALSE,FALSE,None,,TRUE,FALSE,FALSE,FALSE,TRUE,FALSE,FALSE,FALSE,FALSE,TRUE,FALSE,FALSE,FALSE,FALSE,FALSE,FALSE,FALSE,FALSE,TRUE,FALSE,FALSE,FALSE,FALSE,TRUE,FALSE,
Drytown Desert Circuit,Main Circuit,fields08_1,"""0:45""",https://github.com/KazSoftwareEngineer/WreckfestData/blob/main/img/DrytownDesertCircuit/DrytownDesertCircuit.PNG,https://github.com/KazSoftwareEngineer/WreckfestData/blob/main/img/DrytownDesertCircuit/MainCircuit/MainCircuit.PNG,91% Gravel/9% Tarmac,0.96,,FALSE,FALSE,FALSE,FALSE,FALSE,FALSE,None,,TRUE,TRUE,FALSE,FALSE,FALSE,FALSE,TRUE,FALSE,FALSE,TRUE,FALSE,FALSE,FALSE,FALSE,FALSE,FALSE,FALSE,FALSE,TRUE,FALSE,FALSE,FALSE,FALSE,FALSE,FALSE,
Drytown Desert Circuit,Main Circuit Reverse,fields08_1_rev,"""0:45""",https://github.com/KazSoftwareEngineer/WreckfestData/blob/main/img/DrytownDesertCircuit/DrytownDesertCircuit.PNG,https://github.com/KazSoftwareEngineer/WreckfestData/blob/main/img/DrytownDesertCircuit/MainCircuitReverse/MainCircuitReverse.PNG,91% Gravel/9% Tarmac,0.96,,FALSE,FALSE,FALSE,FALSE,FALSE,FALSE,None,,TRUE,TRUE,FALSE,FALSE,FALSE,FALSE,TRUE,FALSE,FALSE,TRUE,FALSE,FALSE,FALSE,FALSE,FALSE,FALSE,FALSE,FALSE,TRUE,FALSE,FALSE,FALSE,FALSE,FALSE,FALSE,
Eagles Peak Motorpark,Racing Track,fields13_1,"""1:05""",https://github.com/KazSoftwareEngineer/WreckfestData/blob/main/img/EaglesPeakMotorpark/EaglesPeakMotorpark.PNG,https://github.com/KazSoftwareEngineer/WreckfestData/blob/main/img/EaglesPeakMotorpark/RacingTrack/RacingTrack.PNG,63% Tarmac/37% Gravel,2.01,,FALSE,FALSE,FALSE,TRUE,TRUE,FALSE,None,,TRUE,FALSE,FALSE,FALSE,TRUE,FALSE,FALSE,FALSE,TRUE,TRUE,FALSE,TRUE,FALSE,FALSE,FALSE,FALSE,TRUE,FALSE,FALSE,FALSE,FALSE,FALSE,FALSE,FALSE,TRUE,
Eagles Peak Motorpark,Racing Track Reverse,fields13_1_rev,"""1:05""",https://github.com/KazSoftwareEngineer/WreckfestData/blob/main/img/EaglesPeakMotorpark/EaglesPeakMotorpark.PNG,https://github.com/KazSoftwareEngineer/WreckfestData/blob/main/img/EaglesPeakMotorpark/RacingTrackReverse/RacingTrackReverse.PNG,63% Tarmac/37% Gravel,2.01,,FALSE,FALSE,FALSE,TRUE,TRUE,FALSE,None,,TRUE,FALSE,FALSE,FALSE,TRUE,FALSE,FALSE,FALSE,TRUE,TRUE,FALSE,TRUE,FALSE,FALSE,FALSE,FALSE,TRUE,FALSE,FALSE,FALSE,FALSE,FALSE,FALSE,FALSE,TRUE,
Eagles Peak Motorpark,Demolition Arena,fields13_2,,https://github.com/KazSoftwareEngineer/WreckfestData/blob/main/img/EaglesPeakMotorpark/EaglesPeakMotorpark.PNG,https://github.com/KazSoftwareEngineer/WreckfestData/blob/main/img/EaglesPeakMotorpark/DemolitionArena/DemolitionArena.PNG,63% Tarmac/37% Gravel,,0.2,TRUE,FALSE,FALSE,TRUE,FALSE,FALSE,None,,TRUE,FALSE,FALSE,FALSE,TRUE,FALSE,FALSE,FALSE,TRUE,TRUE,FALSE,TRUE,FALSE,FALSE,FALSE,FALSE,TRUE,FALSE,FALSE,FALSE,FALSE,FALSE,FALSE,FALSE,TRUE,
Espedalen Raceway,Main Circuit,tarmac3_main_circuit                     ,"""1:10""",https://github.com/KazSoftwareEngineer/WreckfestData/blob/main/img/EspedalenRaceway/EspedalenRaceway.PNG,https://github.com/KazSoftwareEngineer/WreckfestData/blob/main/img/EspedalenRaceway/MainCircuit/MainCircuit.PNG,100% Tarmac,2.28,,FALSE,FALSE,FALSE,FALSE,FALSE,FALSE,None,,TRUE,FALSE,FALSE,FALSE,TRUE,FALSE,FALSE,FALSE,FALSE,FALSE,FALSE,FALSE,FALSE,FALSE,FALSE,TRUE,TRUE,FALSE,FALSE,FALSE,TRUE,FALSE,FALSE,TRUE,FALSE,
Espedalen Raceway,Main Circuit Reverse,tarmac3_main_circuit_rev              ,"""1:10""",https://github.com/KazSoftwareEngineer/WreckfestData/blob/main/img/EspedalenRaceway/EspedalenRaceway.PNG,https://github.com/KazSoftwareEngineer/WreckfestData/blob/main/img/EspedalenRaceway/MainCircuitReverse/MainCircuitReverse.PNG,100% Tarmac,2.28,,FALSE,FALSE,FALSE,FALSE,FALSE,FALSE,None,,TRUE,FALSE,FALSE,FALSE,TRUE,FALSE,FALSE,FALSE,FALSE,FALSE,FALSE,FALSE,FALSE,FALSE,FALSE,TRUE,TRUE,FALSE,FALSE,FALSE,TRUE,FALSE,FALSE,TRUE,FALSE,
Espedalen Raceway,Short Circuit,tarmac3_short_circuit                    ,"""0:40""",https://github.com/KazSoftwareEngineer/WreckfestData/blob/main/img/EspedalenRaceway/EspedalenRaceway.PNG,https://github.com/KazSoftwareEngineer/WreckfestData/blob/main/img/EspedalenRaceway/ShortCircuit/ShortCircuit.PNG,100% Tarmac,1.05,,FALSE,FALSE,FALSE,FALSE,FALSE,FALSE,None,,TRUE,FALSE,FALSE,FALSE,TRUE,FALSE,FALSE,FALSE,FALSE,FALSE,FALSE,FALSE,FALSE,FALSE,FALSE,TRUE,TRUE,FALSE,FALSE,FALSE,TRUE,FALSE,FALSE,TRUE,FALSE,
Espedalen Raceway,Short Circuit Reverse,tarmac3_short_circuit_rev,"""0:40""",https://github.com/KazSoftwareEngineer/WreckfestData/blob/main/img/EspedalenRaceway/EspedalenRaceway.PNG,https://github.com/KazSoftwareEngineer/WreckfestData/blob/main/img/EspedalenRaceway/ShortCircuitReverse/ShortCircuitReverse.PNG,100% Tarmac,1.05,,FALSE,FALSE,FALSE,FALSE,FALSE,FALSE,None,,TRUE,FALSE,FALSE,FALSE,TRUE,FALSE,FALSE,FALSE,FALSE,FALSE,FALSE,FALSE,FALSE,FALSE,FALSE,TRUE,TRUE,FALSE,FALSE,FALSE,TRUE,FALSE,FALSE,TRUE,FALSE,
Fairfield County,Demolition Arena,smallstadium_demolition_arena    ,,https://github.com/KazSoftwareEngineer/WreckfestData/blob/main/img/FairfieldCounty/FairfieldCounty.PNG,https://github.com/KazSoftwareEngineer/WreckfestData/blob/main/img/FairfieldCounty/DemolitionArena/DemolitionArena.PNG,100% Tarmac,,0.66,TRUE,FALSE,FALSE,FALSE,FALSE,FALSE,None,,TRUE,FALSE,TRUE,FALSE,FALSE,TRUE,FALSE,FALSE,FALSE,FALSE,FALSE,FALSE,FALSE,TRUE,FALSE,FALSE,TRUE,FALSE,FALSE,FALSE,FALSE,FALSE,FALSE,FALSE,TRUE,
Fairfield Grass Field,Demolition Arena,grass_arena_demolition_arena    ,,https://github.com/KazSoftwareEngineer/WreckfestData/blob/main/img/FairfieldGrassField/FairfieldGrassField.PNG,https://github.com/KazSoftwareEngineer/WreckfestData/blob/main/img/FairfieldGrassField/DemolitionArena/DemolitionArena.PNG,100% Dirt,,0.66,TRUE,FALSE,FALSE,FALSE,FALSE,FALSE,None,,TRUE,FALSE,FALSE,FALSE,FALSE,FALSE,FALSE,FALSE,FALSE,FALSE,FALSE,FALSE,FALSE,FALSE,FALSE,FALSE,FALSE,FALSE,FALSE,FALSE,FALSE,FALSE,FALSE,FALSE,FALSE,
Fairfield Mud Pit,Demolition Arena,mudpit_demolition_arena        ,,https://github.com/KazSoftwareEngineer/WreckfestData/blob/main/img/FairfieldMudPit/FairfieldMudPit.PNG,https://github.com/KazSoftwareEngineer/WreckfestData/blob/main/img/FairfieldMudPit/DemolitionArena/DemolitionArena.PNG,100% Mud,,1.69,TRUE,FALSE,FALSE,FALSE,FALSE,FALSE,None,,TRUE,FALSE,FALSE,FALSE,FALSE,FALSE,FALSE,FALSE,FALSE,FALSE,FALSE,FALSE,FALSE,FALSE,FALSE,FALSE,FALSE,FALSE,FALSE,FALSE,FALSE,FALSE,FALSE,FALSE,FALSE,
Finncross Circuit,Main Circuit,mixed1_main_circuit                      ,"""0:40""",https://github.com/KazSoftwareEngineer/WreckfestData/blob/main/img/FinncrossCircuit/FinncrossCircuit.PNG,https://github.com/KazSoftwareEngineer/WreckfestData/blob/main/img/FinncrossCircuit/MainCircuit/MainCircuit.PNG,64% Tarmac/36% Gravel,0.94,,FALSE,FALSE,FALSE,FALSE,FALSE,FALSE,None,,TRUE,TRUE,TRUE,FALSE,FALSE,FALSE,FALSE,FALSE,FALSE,TRUE,FALSE,FALSE,FALSE,FALSE,FALSE,FALSE,TRUE,FALSE,FALSE,TRUE,FALSE,FALSE,FALSE,TRUE,TRUE,
Finncross Circuit,Main Circuit Reverse,mixed1_main_circuit_rev               ,"""0:45""",https://github.com/KazSoftwareEngineer/WreckfestData/blob/main/img/FinncrossCircuit/FinncrossCircuit.PNG,https://github.com/KazSoftwareEngineer/WreckfestData/blob/main/img/FinncrossCircuit/MainCircuitReverse/MainCircuitReverse.PNG,73% Tarmac/27% Gravel,1.04,,FALSE,FALSE,FALSE,FALSE,FALSE,FALSE,None,,TRUE,TRUE,TRUE,FALSE,FALSE,FALSE,FALSE,FALSE,FALSE,TRUE,FALSE,FALSE,FALSE,FALSE,FALSE,FALSE,TRUE,FALSE,FALSE,TRUE,FALSE,FALSE,FALSE,TRUE,TRUE,
Fire Rock Raceway,Main Circuit,tarmac1_main_circuit                     ,"""1:05""",https://github.com/KazSoftwareEngineer/WreckfestData/blob/main/img/FireRockRaceway/FireRockRaceway.PNG,https://github.com/KazSoftwareEngineer/WreckfestData/blob/main/img/FireRockRaceway/MainCircuit/MainCircuit.PNG,100% Tarmac,1.96,,FALSE,FALSE,FALSE,FALSE,FALSE,FALSE,None,,TRUE,TRUE,TRUE,FALSE,FALSE,FALSE,FALSE,FALSE,FALSE,TRUE,FALSE,FALSE,TRUE,FALSE,FALSE,FALSE,TRUE,FALSE,FALSE,FALSE,FALSE,FALSE,FALSE,TRUE,FALSE,
Fire Rock Raceway,Main Circuit Reverse,tarmac1_main_circuit_rev              ,"""1:05""",https://github.com/KazSoftwareEngineer/WreckfestData/blob/main/img/FireRockRaceway/FireRockRaceway.PNG,https://github.com/KazSoftwareEngineer/WreckfestData/blob/main/img/FireRockRaceway/MainCircuitReverse/MainCircuitReverse.PNG,100% Tarmac,1.96,,FALSE,FALSE,FALSE,FALSE,FALSE,FALSE,None,,TRUE,TRUE,TRUE,FALSE,FALSE,FALSE,FALSE,FALSE,FALSE,TRUE,FALSE,FALSE,TRUE,FALSE,FALSE,FALSE,TRUE,FALSE,FALSE,FALSE,FALSE,FALSE,FALSE,TRUE,FALSE,
Fire Rock Raceway,Short Circuit,tarmac1_short_circuit                    ,"""0:45""",https://github.com/KazSoftwareEngineer/WreckfestData/blob/main/img/FireRockRaceway/FireRockRaceway.PNG,https://github.com/KazSoftwareEngineer/WreckfestData/blob/main/img/FireRockRaceway/ShortCircuit/ShortCircuit.PNG,86% Tarmac/14% Gravel,1.54,,FALSE,FALSE,FALSE,FALSE,FALSE,FALSE,None,,TRUE,TRUE,TRUE,FALSE,FALSE,FALSE,FALSE,FALSE,FALSE,TRUE,FALSE,FALSE,TRUE,FALSE,FALSE,FALSE,TRUE,FALSE,FALSE,FALSE,FALSE,FALSE,FALSE,TRUE,FALSE,
Fire Rock Raceway,Short Circuit Reverse,tarmac1_short_circuit_rev             ,"""0:45""",https://github.com/KazSoftwareEngineer/WreckfestData/blob/main/img/FireRockRaceway/FireRockRaceway.PNG,https://github.com/KazSoftwareEngineer/WreckfestData/blob/main/img/FireRockRaceway/ShortCircuitReverse/ShortCircuitReverse.PNG,86% Tarmac/14% Gravel,1.54,,FALSE,FALSE,FALSE,FALSE,FALSE,FALSE,None,,TRUE,TRUE,TRUE,FALSE,FALSE,FALSE,FALSE,FALSE,FALSE,TRUE,FALSE,FALSE,TRUE,FALSE,FALSE,FALSE,TRUE,FALSE,FALSE,FALSE,FALSE,FALSE,FALSE,TRUE,FALSE,
Firwood Motocenter,Main Circuit,mixed7_r1                                ,"""0:50""",https://github.com/KazSoftwareEngineer/WreckfestData/blob/main/img/FirwoodMotocenter/FirwoodMotocenter.PNG,https://github.com/KazSoftwareEngineer/WreckfestData/blob/main/img/FirwoodMotocenter/MainCircuit/MainCircuit.PNG,55% Gravel/45% Tarmac,1.46,,FALSE,FALSE,FALSE,FALSE,FALSE,FALSE,None,,TRUE,TRUE,FALSE,FALSE,FALSE,FALSE,FALSE,FALSE,FALSE,FALSE,TRUE,FALSE,FALSE,TRUE,FALSE,FALSE,FALSE,FALSE,FALSE,FALSE,FALSE,FALSE,FALSE,FALSE,TRUE,
Firwood Motocenter,Main Circuit Reverse,mixed7_r1_rev                         ,"""0:50""",https://github.com/KazSoftwareEngineer/WreckfestData/blob/main/img/FirwoodMotocenter/FirwoodMotocenter.PNG,https://github.com/KazSoftwareEngineer/WreckfestData/blob/main/img/FirwoodMotocenter/MainCircuitReverse/MainCircuitReverse.PNG,55% Gravel/45% Tarmac,1.46,,FALSE,FALSE,FALSE,FALSE,FALSE,FALSE,None,,TRUE,TRUE,FALSE,FALSE,FALSE,FALSE,FALSE,FALSE,FALSE,FALSE,TRUE,FALSE,FALSE,TRUE,FALSE,FALSE,FALSE,FALSE,FALSE,FALSE,FALSE,FALSE,FALSE,FALSE,TRUE,
Firwood Motocenter,Rally Circuit,mixed7_r2,"""0:55""",https://github.com/KazSoftwareEngineer/WreckfestData/blob/main/img/FirwoodMotocenter/FirwoodMotocenter.PNG,https://github.com/KazSoftwareEngineer/WreckfestData/blob/main/img/FirwoodMotocenter/RallyCircuit/RallyCircuit.PNG,55% Gravel/45% Tarmac,1.52,,FALSE,FALSE,FALSE,FALSE,FALSE,FALSE,None,,TRUE,TRUE,FALSE,FALSE,FALSE,FALSE,FALSE,FALSE,FALSE,FALSE,TRUE,FALSE,FALSE,TRUE,FALSE,FALSE,FALSE,FALSE,FALSE,FALSE,FALSE,FALSE,FALSE,FALSE,TRUE,
Firwood Motocenter,Rally Circuit Reverse,mixed7_r2_rev,"""0:55""",https://github.com/KazSoftwareEngineer/WreckfestData/blob/main/img/FirwoodMotocenter/FirwoodMotocenter.PNG,https://github.com/KazSoftwareEngineer/WreckfestData/blob/main/img/FirwoodMotocenter/RallyCircuitReverse/RallyCircuitReverse.PNG,55% Gravel/45% Tarmac,1.52,,FALSE,FALSE,FALSE,FALSE,FALSE,FALSE,None,,TRUE,TRUE,FALSE,FALSE,FALSE,FALSE,FALSE,FALSE,FALSE,FALSE,TRUE,FALSE,FALSE,TRUE,FALSE,FALSE,FALSE,FALSE,FALSE,FALSE,FALSE,FALSE,FALSE,FALSE,TRUE,
Firwood Motocenter,Short Circuit,mixed7_r3                                ,"""0:40""",https://github.com/KazSoftwareEngineer/WreckfestData/blob/main/img/FirwoodMotocenter/FirwoodMotocenter.PNG,https://github.com/KazSoftwareEngineer/WreckfestData/blob/main/img/FirwoodMotocenter/ShortCircuit/ShortCircuit.PNG,61% Gravel/39% Tarmac,1.09,,FALSE,FALSE,FALSE,FALSE,FALSE,FALSE,None,,TRUE,TRUE,FALSE,FALSE,FALSE,FALSE,FALSE,FALSE,FALSE,FALSE,TRUE,FALSE,FALSE,TRUE,FALSE,FALSE,FALSE,FALSE,FALSE,FALSE,FALSE,FALSE,FALSE,FALSE,TRUE,
Firwood Motocenter,Short Circuit Reverse,mixed7_r3_rev     ,"""0:40""",https://github.com/KazSoftwareEngineer/WreckfestData/blob/main/img/FirwoodMotocenter/FirwoodMotocenter.PNG,https://github.com/KazSoftwareEngineer/WreckfestData/blob/main/img/FirwoodMotocenter/ShortCircuitReverse/ShortCircuitReverse.PNG,61% Gravel/39% Tarmac,1.09,,FALSE,FALSE,FALSE,FALSE,FALSE,FALSE,None,,TRUE,TRUE,FALSE,FALSE,FALSE,FALSE,FALSE,FALSE,FALSE,FALSE,TRUE,FALSE,FALSE,TRUE,FALSE,FALSE,FALSE,FALSE,FALSE,FALSE,FALSE,FALSE,FALSE,FALSE,TRUE,
Glendale Countryside,Field Arena,field_derby_arena       ,,https://github.com/KazSoftwareEngineer/WreckfestData/blob/main/img/GlendaleCountryside/GlendaleCountryside.PNG,https://github.com/KazSoftwareEngineer/WreckfestData/blob/main/img/GlendaleCountryside/FieldArena/FieldArena.PNG,100% Dirt,,1.92,TRUE,FALSE,FALSE,FALSE,FALSE,FALSE,None,,TRUE,FALSE,FALSE,FALSE,TRUE,FALSE,FALSE,FALSE,TRUE,FALSE,FALSE,FALSE,FALSE,FALSE,FALSE,FALSE,TRUE,FALSE,FALSE,FALSE,FALSE,FALSE,FALSE,FALSE,TRUE,
Hellride,Main Circuit,urban06,"""0:45""",https://github.com/KazSoftwareEngineer/WreckfestData/blob/main/img/Hellride/Hellride.PNG,https://github.com/KazSoftwareEngineer/WreckfestData/blob/main/img/Hellride/MainCircuit/MainCircuit.PNG,78% Tarmac/22% Wood,1.61,,FALSE,FALSE,FALSE,TRUE,FALSE,TRUE,None,,TRUE,TRUE,FALSE,FALSE,FALSE,TRUE,FALSE,FALSE,TRUE,TRUE,FALSE,FALSE,FALSE,FALSE,FALSE,FALSE,FALSE,FALSE,FALSE,FALSE,FALSE,FALSE,TRUE,FALSE,FALSE,
Hillstreet Circuit,Race Track,urban08_1,"""1:00""",https://github.com/KazSoftwareEngineer/WreckfestData/blob/main/img/HillstreetCircuit/HillstreetCircuit.PNG,https://github.com/KazSoftwareEngineer/WreckfestData/blob/main/img/HillstreetCircuit/RaceTrack/RaceTrack.PNG,100% Tarmac,1.71,,FALSE,FALSE,FALSE,FALSE,TRUE,FALSE,None,,TRUE,FALSE,TRUE,FALSE,FALSE,FALSE,FALSE,FALSE,TRUE,TRUE,FALSE,FALSE,FALSE,FALSE,FALSE,FALSE,TRUE,FALSE,FALSE,FALSE,FALSE,TRUE,FALSE,FALSE,TRUE,
Hillstreet Circuit,Race Track Reverse,urban08_1_rev,"""1:00""",https://github.com/KazSoftwareEngineer/WreckfestData/blob/main/img/HillstreetCircuit/HillstreetCircuit.PNG,https://github.com/KazSoftwareEngineer/WreckfestData/blob/main/img/HillstreetCircuit/RaceTrackReverse/RaceTrackReverse.PNG,100% Tarmac,1.71,,FALSE,FALSE,FALSE,FALSE,TRUE,FALSE,None,,TRUE,FALSE,TRUE,FALSE,FALSE,FALSE,FALSE,FALSE,TRUE,TRUE,FALSE,FALSE,FALSE,FALSE,FALSE,FALSE,TRUE,FALSE,FALSE,FALSE,FALSE,TRUE,FALSE,FALSE,TRUE,
Hilltop Stadium,Figure 8,speedway1_figure_8                     ,"""0:35""",https://github.com/KazSoftwareEngineer/WreckfestData/blob/main/img/HilltopStadium/HilltopStadium.PNG,https://github.com/KazSoftwareEngineer/WreckfestData/blob/main/img/HilltopStadium/Figure8/Figure8.PNG,100% Tarmac,1.01,,FALSE,TRUE,FALSE,FALSE,TRUE,FALSE,None,,TRUE,FALSE,FALSE,FALSE,TRUE,FALSE,FALSE,FALSE,FALSE,TRUE,FALSE,FALSE,FALSE,TRUE,FALSE,FALSE,FALSE,FALSE,FALSE,TRUE,FALSE,FALSE,FALSE,FALSE,FALSE,
Hilltop Stadium,Oval,speedway1_oval                           ,"""0:25""",https://github.com/KazSoftwareEngineer/WreckfestData/blob/main/img/HilltopStadium/HilltopStadium.PNG,https://github.com/KazSoftwareEngineer/WreckfestData/blob/main/img/HilltopStadium/Oval/Oval.PNG,100% Tarmac,0.82,,FALSE,FALSE,TRUE,FALSE,FALSE,FALSE,None,,TRUE,FALSE,FALSE,FALSE,TRUE,FALSE,FALSE,FALSE,FALSE,TRUE,FALSE,FALSE,FALSE,TRUE,FALSE,FALSE,FALSE,FALSE,FALSE,TRUE,FALSE,FALSE,FALSE,FALSE,FALSE,
Kingston Raceway,Asphalt Oval,fields12_1,"""0:25""",https://github.com/KazSoftwareEngineer/WreckfestData/blob/main/img/KingstonRaceway/KingstonRaceway.PNG,https://github.com/KazSoftwareEngineer/WreckfestData/blob/main/img/KingstonRaceway/AsphaltOval/AsphaltOval.PNG,100% Tarmac,0.44,,FALSE,FALSE,TRUE,FALSE,FALSE,FALSE,None,,TRUE,TRUE,FALSE,FALSE,FALSE,TRUE,FALSE,FALSE,FALSE,TRUE,FALSE,FALSE,TRUE,FALSE,FALSE,FALSE,FALSE,TRUE,FALSE,FALSE,FALSE,FALSE,FALSE,TRUE,FALSE,
Kingston Raceway,Asphalt Oval Reverse,fields12_1_rev,"""0:25""",https://github.com/KazSoftwareEngineer/WreckfestData/blob/main/img/KingstonRaceway/KingstonRaceway.PNG,https://github.com/KazSoftwareEngineer/WreckfestData/blob/main/img/KingstonRaceway/AsphaltOvalReverse/AsphaltOvalReverse.PNG,100% Tarmac,0.44,,FALSE,FALSE,TRUE,FALSE,FALSE,FALSE,None,,TRUE,TRUE,FALSE,FALSE,FALSE,TRUE,FALSE,FALSE,FALSE,TRUE,FALSE,FALSE,TRUE,FALSE,FALSE,FALSE,FALSE,TRUE,FALSE,FALSE,FALSE,FALSE,FALSE,TRUE,FALSE,
Kingston Raceway,Figure 8,fields12_2,"""0:30""",https://github.com/KazSoftwareEngineer/WreckfestData/blob/main/img/KingstonRaceway/KingstonRaceway.PNG,https://github.com/KazSoftwareEngineer/WreckfestData/blob/main/img/KingstonRaceway/Figure8/Figure8.PNG,80% Tarmac/20% Dirt,0.47,,FALSE,TRUE,FALSE,FALSE,TRUE,FALSE,None,,TRUE,TRUE,FALSE,FALSE,FALSE,TRUE,FALSE,FALSE,FALSE,TRUE,FALSE,FALSE,TRUE,FALSE,FALSE,FALSE,FALSE,TRUE,FALSE,FALSE,FALSE,FALSE,FALSE,TRUE,FALSE,
Maasten Motocenter,Main Circuit,mixed2_main_circuit                      ,"""0:40""",https://github.com/KazSoftwareEngineer/WreckfestData/blob/main/img/MaastenMotocenter/MaastenMotocenter.PNG,https://github.com/KazSoftwareEngineer/WreckfestData/blob/main/img/MaastenMotocenter/MainCircuit/MainCircuit.PNG,58% Tarmac/42% Gravel,1.05,,FALSE,FALSE,FALSE,FALSE,FALSE,FALSE,None,,TRUE,TRUE,FALSE,FALSE,FALSE,FALSE,FALSE,TRUE,FALSE,TRUE,FALSE,FALSE,FALSE,FALSE,FALSE,FALSE,FALSE,FALSE,FALSE,FALSE,TRUE,FALSE,FALSE,FALSE,FALSE,
Maasten Motocenter,Main Circuit Reverse,mixed2_main_circuit_rev               ,"""0:40""",https://github.com/KazSoftwareEngineer/WreckfestData/blob/main/img/MaastenMotocenter/MaastenMotocenter.PNG,https://github.com/KazSoftwareEngineer/WreckfestData/blob/main/img/MaastenMotocenter/MainCircuitReverse/MainCircuitReverse.PNG,58% Tarmac/42% Gravel,1.05,,FALSE,FALSE,FALSE,FALSE,FALSE,FALSE,None,,TRUE,TRUE,FALSE,FALSE,FALSE,FALSE,FALSE,TRUE,FALSE,TRUE,FALSE,FALSE,FALSE,FALSE,FALSE,FALSE,FALSE,FALSE,FALSE,FALSE,TRUE,FALSE,FALSE,FALSE,FALSE,
Madman Stadium,Demolition Arena,bigstadium_demolition_arena,,https://github.com/KazSoftwareEngineer/WreckfestData/blob/main/img/MadmanStadium/MadmanStadium.PNG,https://github.com/KazSoftwareEngineer/WreckfestData/blob/main/img/MadmanStadium/DemolitionArena/DemolitionArena.PNG,100% Tarmac,,2.11,TRUE,FALSE,FALSE,TRUE,FALSE,FALSE,None,,TRUE,FALSE,TRUE,FALSE,FALSE,FALSE,FALSE,FALSE,TRUE,FALSE,FALSE,TRUE,FALSE,FALSE,FALSE,FALSE,TRUE,FALSE,FALSE,FALSE,FALSE,FALSE,FALSE,FALSE,TRUE,
Madman Stadium,Figure 8,bigstadium_figure_8,"""0:25""",https://github.com/KazSoftwareEngineer/WreckfestData/blob/main/img/MadmanStadium/MadmanStadium.PNG,https://github.com/KazSoftwareEngineer/WreckfestData/blob/main/img/MadmanStadium/Figure8/Figure8.PNG,100% Tarmac,0.45,,FALSE,TRUE,FALSE,TRUE,TRUE,FALSE,None,,TRUE,FALSE,TRUE,FALSE,FALSE,FALSE,FALSE,FALSE,TRUE,FALSE,FALSE,TRUE,FALSE,FALSE,FALSE,FALSE,TRUE,FALSE,FALSE,FALSE,FALSE,FALSE,FALSE,FALSE,TRUE,
Midwest Motocenter,Main Circuit,gravel1_main_loop                        ,"""0:45""",https://github.com/KazSoftwareEngineer/WreckfestData/blob/main/img/MidwestMotocenter/MidwestMotocenter.PNG,https://github.com/KazSoftwareEngineer/WreckfestData/blob/main/img/MidwestMotocenter/MainCircuit/MainCircuit.PNG,100% Gravel,1.33,,FALSE,FALSE,FALSE,FALSE,FALSE,FALSE,None,,TRUE,FALSE,FALSE,FALSE,TRUE,FALSE,FALSE,FALSE,FALSE,FALSE,FALSE,FALSE,TRUE,FALSE,FALSE,FALSE,TRUE,FALSE,FALSE,FALSE,FALSE,FALSE,FALSE,FALSE,TRUE,
Midwest Motocenter,Main Circuit Reverse,gravel1_main_loop_rev                 ,"""0:45""",https://github.com/KazSoftwareEngineer/WreckfestData/blob/main/img/MidwestMotocenter/MidwestMotocenter.PNG,https://github.com/KazSoftwareEngineer/WreckfestData/blob/main/img/MidwestMotocenter/MainCircuitReverse/MainCircuitReverse.PNG,100% Gravel,1.33,,FALSE,FALSE,FALSE,FALSE,FALSE,FALSE,None,,TRUE,FALSE,FALSE,FALSE,TRUE,FALSE,FALSE,FALSE,FALSE,FALSE,FALSE,FALSE,TRUE,FALSE,FALSE,FALSE,TRUE,FALSE,FALSE,FALSE,FALSE,FALSE,FALSE,FALSE,TRUE,
Motorcity Circuit,Main Circuit,tarmac2_main_circuit                     ,"""1:30""",https://github.com/KazSoftwareEngineer/WreckfestData/blob/main/img/MotorcityCircuit/MotorcityCircuit.PNG,https://github.com/KazSoftwareEngineer/WreckfestData/blob/main/img/MotorcityCircuit/MainCircuit/MainCircuit.PNG,100% Tarmac,2.94,,FALSE,FALSE,FALSE,FALSE,FALSE,FALSE,None,,TRUE,TRUE,TRUE,FALSE,FALSE,FALSE,FALSE,FALSE,FALSE,TRUE,FALSE,FALSE,FALSE,FALSE,FALSE,FALSE,FALSE,FALSE,FALSE,FALSE,TRUE,FALSE,FALSE,TRUE,TRUE,
Motorcity Circuit,Main Circuit Reverse,tarmac2_main_circuit_rev              ,"""1:30""",https://github.com/KazSoftwareEngineer/WreckfestData/blob/main/img/MotorcityCircuit/MotorcityCircuit.PNG,https://github.com/KazSoftwareEngineer/WreckfestData/blob/main/img/MotorcityCircuit/MainCircuitReverse/MainCircuitReverse.PNG,100% Tarmac,2.94,,FALSE,FALSE,FALSE,FALSE,FALSE,FALSE,None,,TRUE,TRUE,TRUE,FALSE,FALSE,FALSE,FALSE,FALSE,FALSE,TRUE,FALSE,FALSE,FALSE,FALSE,FALSE,FALSE,FALSE,FALSE,FALSE,FALSE,TRUE,FALSE,FALSE,TRUE,TRUE,
Motorcity Circuit,Trophy Circuit,tarmac2_main_circuit_tourney,"""1:40""",https://github.com/KazSoftwareEngineer/WreckfestData/blob/main/img/MotorcityCircuit/MotorcityCircuit.PNG,https://github.com/KazSoftwareEngineer/WreckfestData/blob/main/img/MotorcityCircuit/TrophyCircuit/TrophyCircuit.PNG,100% Tarmac,2.94,,FALSE,FALSE,FALSE,TRUE,FALSE,FALSE,None,,TRUE,TRUE,TRUE,FALSE,FALSE,FALSE,FALSE,FALSE,FALSE,TRUE,FALSE,FALSE,FALSE,FALSE,FALSE,FALSE,FALSE,FALSE,FALSE,FALSE,TRUE,FALSE,FALSE,TRUE,TRUE,
Mudford Motorpark,Mud Oval,fields10_1,"""0:20""",https://github.com/KazSoftwareEngineer/WreckfestData/blob/main/img/MudfordMotorpark/MudfordMotorpark.PNG,https://github.com/KazSoftwareEngineer/WreckfestData/blob/main/img/MudfordMotorpark/MudOval/MudOval.PNG,100% Gravel,0.38,,FALSE,FALSE,TRUE,FALSE,FALSE,FALSE,None,,TRUE,TRUE,FALSE,FALSE,FALSE,FALSE,FALSE,FALSE,FALSE,TRUE,FALSE,FALSE,TRUE,FALSE,FALSE,FALSE,FALSE,FALSE,FALSE,TRUE,FALSE,FALSE,FALSE,FALSE,TRUE,
Mudford Motorpark,Mud Pit,fields10_2,,https://github.com/KazSoftwareEngineer/WreckfestData/blob/main/img/MudfordMotorpark/MudfordMotorpark.PNG,https://github.com/KazSoftwareEngineer/WreckfestData/blob/main/img/MudfordMotorpark/MudPit/MudPit.PNG,100% Mud,,1.69,TRUE,FALSE,FALSE,TRUE,FALSE,FALSE,None,,TRUE,TRUE,FALSE,FALSE,FALSE,FALSE,FALSE,FALSE,FALSE,TRUE,FALSE,FALSE,TRUE,FALSE,FALSE,FALSE,FALSE,FALSE,FALSE,TRUE,FALSE,FALSE,FALSE,FALSE,TRUE,
Northfolk Ring,Main Circuit,mixed8_r1,"""0:40""",https://github.com/KazSoftwareEngineer/WreckfestData/blob/main/img/NorthfolkRing/NorthfolkRing.PNG,https://github.com/KazSoftwareEngineer/WreckfestData/blob/main/img/NorthfolkRing/MainCircuit/MainCircuit.PNG,55% Gravel/45% Tarmac,1.14,,FALSE,FALSE,FALSE,FALSE,FALSE,FALSE,None,,TRUE,FALSE,FALSE,FALSE,TRUE,TRUE,FALSE,FALSE,FALSE,FALSE,FALSE,FALSE,FALSE,TRUE,FALSE,FALSE,TRUE,FALSE,FALSE,FALSE,FALSE,FALSE,FALSE,FALSE,FALSE,
Northfolk Ring,Open Circuit,mixed8_r2,"""0:40""",https://github.com/KazSoftwareEngineer/WreckfestData/blob/main/img/NorthfolkRing/NorthfolkRing.PNG,https://github.com/KazSoftwareEngineer/WreckfestData/blob/main/img/NorthfolkRing/OpenCircuit/OpenCircuit.PNG,58% Gravel/42% Tarmac,1.11,,FALSE,FALSE,FALSE,FALSE,FALSE,FALSE,None,,TRUE,FALSE,FALSE,FALSE,TRUE,TRUE,FALSE,FALSE,FALSE,FALSE,FALSE,FALSE,FALSE,TRUE,FALSE,FALSE,TRUE,FALSE,FALSE,FALSE,FALSE,FALSE,FALSE,FALSE,FALSE,
Northfolk Ring,Main Circuit Reverse,mixed8_r3_rev,"""0:40""",https://github.com/KazSoftwareEngineer/WreckfestData/blob/main/img/NorthfolkRing/NorthfolkRing.PNG,https://github.com/KazSoftwareEngineer/WreckfestData/blob/main/img/NorthfolkRing/MainCircuitReverse/MainCircuitReverse.PNG,56% Gravel/44% Tarmac,1.11,,FALSE,FALSE,FALSE,FALSE,FALSE,FALSE,None,,TRUE,FALSE,FALSE,FALSE,TRUE,TRUE,FALSE,FALSE,FALSE,FALSE,FALSE,FALSE,FALSE,TRUE,FALSE,FALSE,TRUE,FALSE,FALSE,FALSE,FALSE,FALSE,FALSE,FALSE,FALSE,
Northland Raceway,Outer Route,mixed5_outer_loop                       ,"""1:10""",https://github.com/KazSoftwareEngineer/WreckfestData/blob/main/img/NorthlandRaceway/NorthlandRaceway.PNG,https://github.com/KazSoftwareEngineer/WreckfestData/blob/main/img/NorthlandRaceway/OuterRoute/OuterRoute.PNG,58% Gravel/42% Tarmac,2.09,,FALSE,FALSE,FALSE,FALSE,FALSE,FALSE,None,,TRUE,FALSE,FALSE,FALSE,FALSE,FALSE,FALSE,FALSE,FALSE,FALSE,FALSE,TRUE,FALSE,FALSE,FALSE,FALSE,TRUE,FALSE,FALSE,FALSE,FALSE,FALSE,FALSE,FALSE,TRUE,
Northland Raceway,Outer Route Reverse,mixed5_outer_loop_rev                ,"""1:10""",https://github.com/KazSoftwareEngineer/WreckfestData/blob/main/img/NorthlandRaceway/NorthlandRaceway.PNG,https://github.com/KazSoftwareEngineer/WreckfestData/blob/main/img/NorthlandRaceway/OuterRouteReverse/OuterRouteReverse.PNG,58% Gravel/42% Tarmac,2.09,,FALSE,FALSE,FALSE,FALSE,FALSE,FALSE,None,,TRUE,FALSE,FALSE,FALSE,FALSE,FALSE,FALSE,FALSE,FALSE,FALSE,FALSE,TRUE,FALSE,FALSE,FALSE,FALSE,TRUE,FALSE,FALSE,FALSE,FALSE,FALSE,FALSE,FALSE,TRUE,
Northland Raceway,Inner Route,mixed5_inner_loop                        ,"""1:10""",https://github.com/KazSoftwareEngineer/WreckfestData/blob/main/img/NorthlandRaceway/NorthlandRaceway.PNG,https://github.com/KazSoftwareEngineer/WreckfestData/blob/main/img/NorthlandRaceway/InnerRoute/InnerRoute.PNG,58% Gravel/42% Tarmac,2,,FALSE,FALSE,FALSE,FALSE,FALSE,FALSE,None,,TRUE,FALSE,FALSE,FALSE,FALSE,FALSE,FALSE,FALSE,FALSE,FALSE,FALSE,TRUE,FALSE,FALSE,FALSE,FALSE,TRUE,FALSE,FALSE,FALSE,FALSE,FALSE,FALSE,FALSE,TRUE,
Northland Raceway,Inner Route Reverse,mixed5_inner_loop_rev                 ,"""1:10""",https://github.com/KazSoftwareEngineer/WreckfestData/blob/main/img/NorthlandRaceway/NorthlandRaceway.PNG,https://github.com/KazSoftwareEngineer/WreckfestData/blob/main/img/NorthlandRaceway/InnerRouteReverse/InnerRouteReverse.PNG,58% Gravel/42% Tarmac,2,,FALSE,FALSE,FALSE,FALSE,FALSE,FALSE,None,,TRUE,FALSE,FALSE,FALSE,FALSE,FALSE,FALSE,FALSE,FALSE,FALSE,FALSE,TRUE,FALSE,FALSE,FALSE,FALSE,TRUE,FALSE,FALSE,FALSE,FALSE,FALSE,FALSE,FALSE,TRUE,
Northland Raceway,Free Route,mixed5_free_route   ,"""1:10""",https://github.com/KazSoftwareEngineer/WreckfestData/blob/main/img/NorthlandRaceway/NorthlandRaceway.PNG,https://github.com/KazSoftwareEngineer/WreckfestData/blob/main/img/NorthlandRaceway/FreeRoute/FreeRoute.PNG,68% Gravel/32% Tarmac,2,,FALSE,FALSE,FALSE,FALSE,TRUE,FALSE,None,,TRUE,FALSE,FALSE,FALSE,FALSE,FALSE,FALSE,FALSE,FALSE,FALSE,FALSE,TRUE,FALSE,FALSE,FALSE,FALSE,TRUE,FALSE,FALSE,FALSE,FALSE,FALSE,FALSE,FALSE,TRUE,
Pinehills Raceway,Main Circuit,mixed3_long_loop                         ,"""1:00""",https://github.com/KazSoftwareEngineer/WreckfestData/blob/main/img/PinehillsRaceway/PinehillsRaceway.PNG,https://github.com/KazSoftwareEngineer/WreckfestData/blob/main/img/PinehillsRaceway/MainCircuit/MainCircuit.PNG,52% Tarmac/48% Gravel,1.81,,FALSE,FALSE,FALSE,FALSE,FALSE,FALSE,None,,TRUE,FALSE,FALSE,TRUE,FALSE,FALSE,FALSE,FALSE,FALSE,TRUE,FALSE,FALSE,FALSE,FALSE,FALSE,FALSE,TRUE,FALSE,FALSE,FALSE,FALSE,FALSE,FALSE,TRUE,FALSE,
Pinehills Raceway,Main Circuit Reverse,mixed3_long_loop_rev                  ,"""1:00""",https://github.com/KazSoftwareEngineer/WreckfestData/blob/main/img/PinehillsRaceway/PinehillsRaceway.PNG,https://github.com/KazSoftwareEngineer/WreckfestData/blob/main/img/PinehillsRaceway/MainCircuitReverse/MainCircuitReverse.PNG,52% Tarmac/48% Gravel,1.81,,FALSE,FALSE,FALSE,FALSE,FALSE,FALSE,None,,TRUE,FALSE,FALSE,TRUE,FALSE,FALSE,FALSE,FALSE,FALSE,TRUE,FALSE,FALSE,FALSE,FALSE,FALSE,FALSE,TRUE,FALSE,FALSE,FALSE,FALSE,FALSE,FALSE,TRUE,FALSE,
Pinehills Raceway,Rally Circuit,mixed3_r3,"""1:10""",https://github.com/KazSoftwareEngineer/WreckfestData/blob/main/img/PinehillsRaceway/PinehillsRaceway.PNG,https://github.com/KazSoftwareEngineer/WreckfestData/blob/main/img/PinehillsRaceway/RallyCircuit/RallyCircuit.PNG,58% Gravel/42% Tarmac,2.24,,FALSE,FALSE,FALSE,FALSE,FALSE,FALSE,None,,TRUE,FALSE,FALSE,TRUE,FALSE,FALSE,FALSE,FALSE,FALSE,TRUE,FALSE,FALSE,FALSE,FALSE,FALSE,FALSE,TRUE,FALSE,FALSE,FALSE,FALSE,FALSE,FALSE,TRUE,FALSE,
Pinehills Raceway,Rally Circuit Reverse,mixed3_r3_rev,"""1:10""",https://github.com/KazSoftwareEngineer/WreckfestData/blob/main/img/PinehillsRaceway/PinehillsRaceway.PNG,https://github.com/KazSoftwareEngineer/WreckfestData/blob/main/img/PinehillsRaceway/RallyCircuitReverse/RallyCircuitReverse.PNG,58% Gravel/42% Tarmac,2.24,,FALSE,FALSE,FALSE,FALSE,FALSE,FALSE,None,,TRUE,FALSE,FALSE,TRUE,FALSE,FALSE,FALSE,FALSE,FALSE,TRUE,FALSE,FALSE,FALSE,FALSE,FALSE,FALSE,TRUE,FALSE,FALSE,FALSE,FALSE,FALSE,FALSE,TRUE,FALSE,
Pinehills Raceway,Short Circuit,mixed3_short_loop                        ,"""0:45""",https://github.com/KazSoftwareEngineer/WreckfestData/blob/main/img/PinehillsRaceway/PinehillsRaceway.PNG,https://github.com/KazSoftwareEngineer/WreckfestData/blob/main/img/PinehillsRaceway/ShortCircuit/ShortCircuit.PNG,54% Gravel/46% Tarmac,1.34,,FALSE,FALSE,FALSE,FALSE,FALSE,FALSE,None,,TRUE,FALSE,FALSE,TRUE,FALSE,FALSE,FALSE,FALSE,FALSE,TRUE,FALSE,FALSE,FALSE,FALSE,FALSE,FALSE,TRUE,FALSE,FALSE,FALSE,FALSE,FALSE,FALSE,TRUE,FALSE,
Pinehills Raceway,Short Circuit Reverse,mixed3_short_loop_rev                 ,"""0:45""",https://github.com/KazSoftwareEngineer/WreckfestData/blob/main/img/PinehillsRaceway/PinehillsRaceway.PNG,https://github.com/KazSoftwareEngineer/WreckfestData/blob/main/img/PinehillsRaceway/ShortCircuitReverse/ShortCircuitReverse.PNG,54% Gravel/46% Tarmac,1.34,,FALSE,FALSE,FALSE,FALSE,FALSE,FALSE,None,,TRUE,FALSE,FALSE,TRUE,FALSE,FALSE,FALSE,FALSE,FALSE,TRUE,FALSE,FALSE,FALSE,FALSE,FALSE,FALSE,TRUE,FALSE,FALSE,FALSE,FALSE,FALSE,FALSE,TRUE,FALSE,
Rally Trophy,Special Stage,rt01_1,"""6:00""",https://github.com/KazSoftwareEngineer/WreckfestData/blob/main/img/RallyTrophy/RallyTrophy.PNG,https://github.com/KazSoftwareEngineer/WreckfestData/blob/main/img/RallyTrophy/SpecialStage/SpecialStage.PNG,100% Gravel,11.98,,FALSE,FALSE,FALSE,FALSE,FALSE,FALSE,None,,TRUE,FALSE,FALSE,FALSE,TRUE,FALSE,FALSE,FALSE,FALSE,TRUE,FALSE,FALSE,FALSE,FALSE,FALSE,FALSE,TRUE,FALSE,FALSE,FALSE,FALSE,TRUE,FALSE,FALSE,TRUE,
Rattlesnake Racepark,Main Circuit,fields14_1,"""1:05""",https://github.com/KazSoftwareEngineer/WreckfestData/blob/main/img/RattlesnakeRacepark/RattlesnakeRacepark.PNG,https://github.com/KazSoftwareEngineer/WreckfestData/blob/main/img/RattlesnakeRacepark/MainCircuit/MainCircuit.PNG,100% Gravel,1.67,,FALSE,FALSE,FALSE,TRUE,FALSE,FALSE,None,,TRUE,FALSE,FALSE,FALSE,TRUE,FALSE,TRUE,FALSE,FALSE,TRUE,FALSE,FALSE,FALSE,TRUE,FALSE,FALSE,TRUE,FALSE,FALSE,FALSE,FALSE,FALSE,FALSE,TRUE,FALSE,
Rattlesnake Racepark,Main Circuit Reverse,fields14_2,"""1:05""",https://github.com/KazSoftwareEngineer/WreckfestData/blob/main/img/RattlesnakeRacepark/RattlesnakeRacepark.PNG,https://github.com/KazSoftwareEngineer/WreckfestData/blob/main/img/RattlesnakeRacepark/MainCircuitReverse/MainCircuitReverse.PNG,100% Gravel,1.67,,FALSE,FALSE,FALSE,TRUE,FALSE,FALSE,None,,TRUE,FALSE,FALSE,FALSE,TRUE,FALSE,TRUE,FALSE,FALSE,TRUE,FALSE,FALSE,FALSE,TRUE,FALSE,FALSE,TRUE,FALSE,FALSE,FALSE,FALSE,FALSE,FALSE,TRUE,FALSE,
Rockfield Roughspot,Dirt Oval,fields09_1,"""0:25""",https://github.com/KazSoftwareEngineer/WreckfestData/blob/main/img/RockfieldRoughspot/RockfieldRoughspot.PNG,https://github.com/KazSoftwareEngineer/WreckfestData/blob/main/img/RockfieldRoughspot/DirtOval/DirtOval.PNG,100% Gravel,0.85,,FALSE,FALSE,TRUE,TRUE,FALSE,FALSE,None,,TRUE,TRUE,FALSE,FALSE,FALSE,FALSE,FALSE,FALSE,TRUE,FALSE,FALSE,FALSE,TRUE,FALSE,FALSE,FALSE,FALSE,FALSE,FALSE,FALSE,FALSE,TRUE,FALSE,FALSE,TRUE,
Rosenheim Raceway,Main Circuit,mixed4_main_circuit                      ,"""0:50""",https://github.com/KazSoftwareEngineer/WreckfestData/blob/main/img/RosenheimRaceway/RosenheimRaceway.PNG,https://github.com/KazSoftwareEngineer/WreckfestData/blob/main/img/RosenheimRaceway/MainCircuit/MainCircuit.PNG,61% Gravel/39% Tarmac,1.39,,FALSE,FALSE,FALSE,FALSE,FALSE,FALSE,None,,TRUE,FALSE,FALSE,FALSE,TRUE,FALSE,FALSE,FALSE,FALSE,FALSE,FALSE,FALSE,FALSE,FALSE,FALSE,FALSE,TRUE,FALSE,FALSE,FALSE,FALSE,FALSE,FALSE,FALSE,TRUE,
Rosenheim Raceway,Main Circuit Reverse,mixed4_main_circuit_rev               ,"""0:50""",https://github.com/KazSoftwareEngineer/WreckfestData/blob/main/img/RosenheimRaceway/RosenheimRaceway.PNG,https://github.com/KazSoftwareEngineer/WreckfestData/blob/main/img/RosenheimRaceway/MainCircuitReverse/MainCircuitReverse.PNG,61% Gravel/39% Tarmac,1.39,,FALSE,FALSE,FALSE,FALSE,FALSE,FALSE,None,,TRUE,FALSE,FALSE,FALSE,TRUE,FALSE,FALSE,FALSE,FALSE,FALSE,FALSE,FALSE,FALSE,FALSE,FALSE,FALSE,TRUE,FALSE,FALSE,FALSE,FALSE,FALSE,FALSE,FALSE,TRUE,
Sandstone Raceway,Main Route,sandpit1_long_loop                 ,"""1:10""",https://github.com/KazSoftwareEngineer/WreckfestData/blob/main/img/SandstoneRaceway/SandstoneRaceway.PNG,https://github.com/KazSoftwareEngineer/WreckfestData/blob/main/img/SandstoneRaceway/MainRoute/MainRoute.PNG,94% Gravel/6% Tarmac,2.46,,FALSE,FALSE,FALSE,FALSE,FALSE,FALSE,None,,TRUE,TRUE,FALSE,FALSE,FALSE,FALSE,FALSE,FALSE,FALSE,TRUE,FALSE,FALSE,FALSE,FALSE,FALSE,FALSE,FALSE,FALSE,FALSE,FALSE,FALSE,FALSE,FALSE,TRUE,FALSE,
Sandstone Raceway,Main Route Reverse,sandpit1_long_loop_rev          ,"""1:10""",https://github.com/KazSoftwareEngineer/WreckfestData/blob/main/img/SandstoneRaceway/SandstoneRaceway.PNG,https://github.com/KazSoftwareEngineer/WreckfestData/blob/main/img/SandstoneRaceway/MainRouteReverse/MainRouteReverse.PNG,94% Gravel/6% Tarmac,2.46,,FALSE,FALSE,FALSE,FALSE,FALSE,FALSE,None,,TRUE,TRUE,FALSE,FALSE,FALSE,FALSE,FALSE,FALSE,FALSE,TRUE,FALSE,FALSE,FALSE,FALSE,FALSE,FALSE,FALSE,FALSE,FALSE,FALSE,FALSE,FALSE,FALSE,TRUE,FALSE,
Sandstone Raceway,Short Route,sandpit1_short_loop                ,"""0:55""",https://github.com/KazSoftwareEngineer/WreckfestData/blob/main/img/SandstoneRaceway/SandstoneRaceway.PNG,https://github.com/KazSoftwareEngineer/WreckfestData/blob/main/img/SandstoneRaceway/ShortRoute/ShortRoute.PNG,91% Gravel/9% Tarmac,1.6,,FALSE,FALSE,FALSE,FALSE,FALSE,FALSE,None,,TRUE,TRUE,FALSE,FALSE,FALSE,FALSE,FALSE,FALSE,FALSE,TRUE,FALSE,FALSE,FALSE,FALSE,FALSE,FALSE,FALSE,FALSE,FALSE,FALSE,FALSE,FALSE,FALSE,TRUE,FALSE,
Sandstone Raceway,Short Route Reverse,sandpit1_short_loop_rev         ,"""0:55""",https://github.com/KazSoftwareEngineer/WreckfestData/blob/main/img/SandstoneRaceway/SandstoneRaceway.PNG,https://github.com/KazSoftwareEngineer/WreckfestData/blob/main/img/SandstoneRaceway/ShortRouteReverse/ShortRouteReverse.PNG,91% Gravel/9% Tarmac,1.6,,FALSE,FALSE,FALSE,FALSE,FALSE,FALSE,None,,TRUE,TRUE,FALSE,FALSE,FALSE,FALSE,FALSE,FALSE,FALSE,TRUE,FALSE,FALSE,FALSE,FALSE,FALSE,FALSE,FALSE,FALSE,FALSE,FALSE,FALSE,FALSE,FALSE,TRUE,FALSE,
Sandstone Raceway,Alt Route,sandpit1_alt_loop                    ,"""1:15""",https://github.com/KazSoftwareEngineer/WreckfestData/blob/main/img/SandstoneRaceway/SandstoneRaceway.PNG,https://github.com/KazSoftwareEngineer/WreckfestData/blob/main/img/SandstoneRaceway/AltRoute/AltRoute.PNG,95% Gravel/5% Tarmac,2.54,,FALSE,FALSE,FALSE,FALSE,FALSE,TRUE,None,,TRUE,TRUE,FALSE,FALSE,FALSE,FALSE,FALSE,FALSE,FALSE,TRUE,FALSE,FALSE,FALSE,FALSE,FALSE,FALSE,FALSE,FALSE,FALSE,FALSE,FALSE,FALSE,FALSE,TRUE,FALSE,
Sandstone Raceway,Alt Route Reverse,sandpit1_alt_loop_rev             ,"""1:15""",https://github.com/KazSoftwareEngineer/WreckfestData/blob/main/img/SandstoneRaceway/SandstoneRaceway.PNG,https://github.com/KazSoftwareEngineer/WreckfestData/blob/main/img/SandstoneRaceway/AltRouteReverse/AltRouteReverse.PNG,95% Gravel/5% Tarmac,2.54,,FALSE,FALSE,FALSE,FALSE,FALSE,TRUE,None,,TRUE,TRUE,FALSE,FALSE,FALSE,FALSE,FALSE,FALSE,FALSE,TRUE,FALSE,FALSE,FALSE,FALSE,FALSE,FALSE,FALSE,FALSE,FALSE,FALSE,FALSE,FALSE,FALSE,TRUE,FALSE,
Savolax Sandpit,Main Route,sandpit2_full_circuit                 ,"""1:15""",https://github.com/KazSoftwareEngineer/WreckfestData/blob/main/img/SavolaxSandpit/SavolaxSandpit.PNG,https://github.com/KazSoftwareEngineer/WreckfestData/blob/main/img/SavolaxSandpit/MainRoute/MainRoute.PNG,74% Gravel/26% Tarmac,2.26,,FALSE,FALSE,FALSE,FALSE,FALSE,FALSE,None,,TRUE,FALSE,FALSE,FALSE,TRUE,FALSE,FALSE,FALSE,FALSE,FALSE,FALSE,FALSE,FALSE,FALSE,FALSE,FALSE,TRUE,FALSE,FALSE,FALSE,FALSE,FALSE,FALSE,TRUE,FALSE,
Savolax Sandpit,Main Route Reverse,sandpit2_full_circuit_rev,"""1:15""",https://github.com/KazSoftwareEngineer/WreckfestData/blob/main/img/SavolaxSandpit/SavolaxSandpit.PNG,https://github.com/KazSoftwareEngineer/WreckfestData/blob/main/img/SavolaxSandpit/MainRouteReverse/MainRouteReverse.PNG,74% Gravel/26% Tarmac,2.26,,FALSE,FALSE,FALSE,FALSE,FALSE,FALSE,None,,TRUE,FALSE,FALSE,FALSE,TRUE,FALSE,FALSE,FALSE,FALSE,FALSE,FALSE,FALSE,FALSE,FALSE,FALSE,FALSE,TRUE,FALSE,FALSE,FALSE,FALSE,FALSE,FALSE,TRUE,FALSE,
Savolax Sandpit,Short Route,sandpit2_2                               ,"""0:40""",https://github.com/KazSoftwareEngineer/WreckfestData/blob/main/img/SavolaxSandpit/SavolaxSandpit.PNG,https://github.com/KazSoftwareEngineer/WreckfestData/blob/main/img/SavolaxSandpit/ShortRoute/ShortRoute.PNG,82% Gravel/18% Tarmac,1.08,,FALSE,FALSE,FALSE,FALSE,FALSE,FALSE,None,,TRUE,FALSE,FALSE,FALSE,TRUE,FALSE,FALSE,FALSE,FALSE,FALSE,FALSE,FALSE,FALSE,FALSE,FALSE,FALSE,TRUE,FALSE,FALSE,FALSE,FALSE,FALSE,FALSE,TRUE,FALSE,
Savolax Sandpit,Short Route Reverse,sandpit2_2_rev                        ,"""0:40""",https://github.com/KazSoftwareEngineer/WreckfestData/blob/main/img/SavolaxSandpit/SavolaxSandpit.PNG,https://github.com/KazSoftwareEngineer/WreckfestData/blob/main/img/SavolaxSandpit/ShortRouteReverse/ShortRouteReverse.PNG,82% Gravel/18% Tarmac,1.08,,FALSE,FALSE,FALSE,FALSE,FALSE,FALSE,None,,TRUE,FALSE,FALSE,FALSE,TRUE,FALSE,FALSE,FALSE,FALSE,FALSE,FALSE,FALSE,FALSE,FALSE,FALSE,FALSE,TRUE,FALSE,FALSE,FALSE,FALSE,FALSE,FALSE,TRUE,FALSE,
The Maw,Demolition Arena,fields11_1,,https://github.com/KazSoftwareEngineer/WreckfestData/blob/main/img/TheMaw/TheMaw.PNG,https://github.com/KazSoftwareEngineer/WreckfestData/blob/main/img/TheMaw/DemolitionArena/DemolitionArena.PNG,100% Tarmac,,2.11,TRUE,FALSE,FALSE,TRUE,FALSE,FALSE,None,,TRUE,FALSE,TRUE,FALSE,FALSE,FALSE,FALSE,FALSE,TRUE,FALSE,FALSE,FALSE,FALSE,FALSE,FALSE,FALSE,TRUE,TRUE,FALSE,FALSE,FALSE,FALSE,FALSE,TRUE,FALSE,
Thunderbowl,Demolition Arena,urban07,,https://github.com/KazSoftwareEngineer/WreckfestData/blob/main/img/Thunderbowl/Thunderbowl.PNG,https://github.com/KazSoftwareEngineer/WreckfestData/blob/main/img/Thunderbowl/DemolitionArena/DemolitionArena.PNG,100% Tarmac,,2.52,TRUE,FALSE,FALSE,TRUE,FALSE,FALSE,None,,TRUE,FALSE,FALSE,FALSE,FALSE,FALSE,TRUE,FALSE,FALSE,TRUE,FALSE,FALSE,TRUE,FALSE,TRUE,FALSE,FALSE,FALSE,FALSE,FALSE,FALSE,FALSE,FALSE,FALSE,TRUE,
Torsdalen Circuit,Main Circuit,forest13_1,"""0:55""",https://github.com/KazSoftwareEngineer/WreckfestData/blob/main/img/TorsdalenCircuit/TorsdalenCircuit.PNG,https://github.com/KazSoftwareEngineer/WreckfestData/blob/main/img/TorsdalenCircuit/MainCircuit/MainCircuit.PNG,100% Tarmac,0.87,,FALSE,FALSE,FALSE,FALSE,FALSE,FALSE,None,,TRUE,TRUE,FALSE,FALSE,FALSE,FALSE,FALSE,FALSE,FALSE,TRUE,FALSE,FALSE,FALSE,FALSE,FALSE,FALSE,TRUE,FALSE,FALSE,FALSE,FALSE,FALSE,FALSE,FALSE,TRUE,
Torsdalen Circuit,Main Circuit Reverse,forest13_1_rev,"""0:55""",https://github.com/KazSoftwareEngineer/WreckfestData/blob/main/img/TorsdalenCircuit/TorsdalenCircuit.PNG,https://github.com/KazSoftwareEngineer/WreckfestData/blob/main/img/TorsdalenCircuit/MainCircuitReverse/MainCircuitReverse.PNG,100% Tarmac,0.87,,FALSE,FALSE,FALSE,FALSE,FALSE,FALSE,None,,TRUE,TRUE,FALSE,FALSE,FALSE,FALSE,FALSE,FALSE,FALSE,TRUE,FALSE,FALSE,FALSE,FALSE,FALSE,FALSE,TRUE,FALSE,FALSE,FALSE,FALSE,FALSE,FALSE,FALSE,TRUE,
Torsdalen Circuit,Short Circuit,forest13_2,"""0:40""",https://github.com/KazSoftwareEngineer/WreckfestData/blob/main/img/TorsdalenCircuit/TorsdalenCircuit.PNG,https://github.com/KazSoftwareEngineer/WreckfestData/blob/main/img/TorsdalenCircuit/ShortCircuit/ShortCircuit.PNG,100% Tarmac,1.03,,FALSE,FALSE,FALSE,FALSE,FALSE,FALSE,None,,TRUE,TRUE,FALSE,FALSE,FALSE,FALSE,FALSE,FALSE,FALSE,TRUE,FALSE,FALSE,FALSE,FALSE,FALSE,FALSE,TRUE,FALSE,FALSE,FALSE,FALSE,FALSE,FALSE,FALSE,TRUE,
Torsdalen Circuit,Short Circuit Reverse,forest13_2_rev,"""0:40""",https://github.com/KazSoftwareEngineer/WreckfestData/blob/main/img/TorsdalenCircuit/TorsdalenCircuit.PNG,https://github.com/KazSoftwareEngineer/WreckfestData/blob/main/img/TorsdalenCircuit/ShortCircuitReverse/ShortCircuitReverse.PNG,100% Tarmac,1.03,,FALSE,FALSE,FALSE,FALSE,FALSE,FALSE,None,,TRUE,TRUE,FALSE,FALSE,FALSE,FALSE,FALSE,FALSE,FALSE,TRUE,FALSE,FALSE,FALSE,FALSE,FALSE,FALSE,TRUE,FALSE,FALSE,FALSE,FALSE,FALSE,FALSE,FALSE,TRUE,
Tribend Speedway,Main Circuit,forest12_1,"""0:25""",https://github.com/KazSoftwareEngineer/WreckfestData/blob/main/img/TribendSpeedway/TribendSpeedway.PNG,https://github.com/KazSoftwareEngineer/WreckfestData/blob/main/img/TribendSpeedway/MainCircuit/MainCircuit.PNG,100% Tarmac,0.87,,FALSE,FALSE,FALSE,FALSE,FALSE,FALSE,None,,TRUE,FALSE,FALSE,FALSE,TRUE,FALSE,FALSE,FALSE,FALSE,TRUE,FALSE,FALSE,TRUE,FALSE,FALSE,FALSE,TRUE,FALSE,FALSE,FALSE,FALSE,FALSE,FALSE,FALSE,FALSE,
Tribend Speedway,Reverse Circuit,forest12_1_rev,"""0:25""",https://github.com/KazSoftwareEngineer/WreckfestData/blob/main/img/TribendSpeedway/TribendSpeedway.PNG,https://github.com/KazSoftwareEngineer/WreckfestData/blob/main/img/TribendSpeedway/ReverseCircuit/ReverseCircuit.PNG,100% Tarmac,0.88,,FALSE,FALSE,FALSE,FALSE,FALSE,FALSE,None,,TRUE,FALSE,FALSE,FALSE,TRUE,FALSE,FALSE,FALSE,FALSE,TRUE,FALSE,FALSE,TRUE,FALSE,FALSE,FALSE,TRUE,FALSE,FALSE,FALSE,FALSE,FALSE,FALSE,FALSE,FALSE,
Tribend Speedway,Wild Circuit,forest12_2,"""0:25""",https://github.com/KazSoftwareEngineer/WreckfestData/blob/main/img/TribendSpeedway/TribendSpeedway.PNG,https://github.com/KazSoftwareEngineer/WreckfestData/blob/main/img/TribendSpeedway/WildCircuit/WildCircuit.PNG,100% Tarmac,0.87,,FALSE,FALSE,FALSE,TRUE,FALSE,FALSE,None,,TRUE,FALSE,FALSE,FALSE,TRUE,FALSE,FALSE,FALSE,FALSE,TRUE,FALSE,FALSE,TRUE,FALSE,FALSE,FALSE,TRUE,FALSE,FALSE,FALSE,FALSE,FALSE,FALSE,FALSE,FALSE,
Vale Falls Circuit,Main Circuit,forest11_1,"""0:40""",https://github.com/KazSoftwareEngineer/WreckfestData/blob/main/img/ValeFallsCircuit/ValeFallsCircuit.PNG,https://github.com/KazSoftwareEngineer/WreckfestData/blob/main/img/ValeFallsCircuit/MainRoute/MainRoute.PNG,72% Gravel/28% Tarmac,0.91,,FALSE,FALSE,FALSE,FALSE,FALSE,FALSE,None,,TRUE,TRUE,FALSE,FALSE,FALSE,TRUE,TRUE,FALSE,FALSE,FALSE,FALSE,TRUE,FALSE,FALSE,FALSE,FALSE,TRUE,FALSE,FALSE,FALSE,TRUE,FALSE,FALSE,TRUE,FALSE,
Vale Falls Circuit,Main Circuit Reverse,forest11_1_rev,"""0:40""",https://github.com/KazSoftwareEngineer/WreckfestData/blob/main/img/ValeFallsCircuit/ValeFallsCircuit.PNG,https://github.com/KazSoftwareEngineer/WreckfestData/blob/main/img/ValeFallsCircuit/MainRouteReverse/MainRouteReverse.PNG,72% Gravel/28% Tarmac,0.94,,FALSE,FALSE,FALSE,FALSE,FALSE,FALSE,None,,TRUE,TRUE,FALSE,FALSE,FALSE,TRUE,TRUE,FALSE,FALSE,FALSE,FALSE,TRUE,FALSE,FALSE,FALSE,FALSE,TRUE,FALSE,FALSE,FALSE,TRUE,FALSE,FALSE,TRUE,FALSE,
Vale Falls Circuit,Short Circuit,forest11_2,"""0:35""",https://github.com/KazSoftwareEngineer/WreckfestData/blob/main/img/ValeFallsCircuit/ValeFallsCircuit.PNG,https://github.com/KazSoftwareEngineer/WreckfestData/blob/main/img/ValeFallsCircuit/ShortRoute/ShortRoute.PNG,62% Gravel/38% Tarmac,0.79,,FALSE,FALSE,FALSE,FALSE,FALSE,FALSE,None,,TRUE,TRUE,FALSE,FALSE,FALSE,TRUE,TRUE,FALSE,FALSE,FALSE,FALSE,TRUE,FALSE,FALSE,FALSE,FALSE,TRUE,FALSE,FALSE,FALSE,TRUE,FALSE,FALSE,TRUE,FALSE,
Vale Falls Circuit,Short Circuit Reverse,forest11_2_rev,"""0:35""",https://github.com/KazSoftwareEngineer/WreckfestData/blob/main/img/ValeFallsCircuit/ValeFallsCircuit.PNG,https://github.com/KazSoftwareEngineer/WreckfestData/blob/main/img/ValeFallsCircuit/ShortRouteReverse/ShortRouteReverse.PNG,62% Gravel/38% Tarmac,0.81,,FALSE,FALSE,FALSE,FALSE,FALSE,FALSE,None,,TRUE,TRUE,FALSE,FALSE,FALSE,TRUE,TRUE,FALSE,FALSE,FALSE,FALSE,TRUE,FALSE,FALSE,FALSE,FALSE,TRUE,FALSE,FALSE,FALSE,TRUE,FALSE,FALSE,TRUE,FALSE,
Wrecking Playground,Main Arena,wrecker01_1,,https://github.com/KazSoftwareEngineer/WreckfestData/blob/main/img/WreckingPlayground/WreckingPlayground.PNG,https://github.com/KazSoftwareEngineer/WreckfestData/blob/main/img/WreckingPlayground/MainArena/MainArena.PNG,56% Dirt/44% Tarmac,,0.11,TRUE,FALSE,FALSE,TRUE,FALSE,FALSE,None,,TRUE,FALSE,FALSE,FALSE,FALSE,FALSE,FALSE,FALSE,TRUE,TRUE,FALSE,FALSE,FALSE,FALSE,FALSE,FALSE,FALSE,FALSE,FALSE,FALSE,FALSE,FALSE,FALSE,FALSE,FALSE,
Wrecknado,Main Circuit,urban09_1,"""0:25""",https://github.com/KazSoftwareEngineer/WreckfestData/blob/main/img/Wrecknado/Wrecknado.PNG,https://github.com/KazSoftwareEngineer/WreckfestData/blob/main/img/Wrecknado/MainCircuit/MainCircuit.PNG,100% Tarmac,0.78,,FALSE,FALSE,FALSE,TRUE,TRUE,FALSE,None,,TRUE,TRUE,FALSE,FALSE,FALSE,FALSE,TRUE,FALSE,FALSE,TRUE,FALSE,FALSE,FALSE,FALSE,TRUE,FALSE,TRUE,FALSE,FALSE,FALSE,FALSE,FALSE,FALSE,TRUE,TRUE,
Wrecknado,Demolition Arena,urban09_2,,https://github.com/KazSoftwareEngineer/WreckfestData/blob/main/img/Wrecknado/Wrecknado.PNG,https://github.com/KazSoftwareEngineer/WreckfestData/blob/main/img/Wrecknado/DemolitionArena/DemolitionArena.PNG,100% Tarmac,,2.52,TRUE,FALSE,FALSE,FALSE,FALSE,FALSE,None,,TRUE,TRUE,FALSE,FALSE,FALSE,FALSE,TRUE,FALSE,FALSE,TRUE,FALSE,FALSE,FALSE,FALSE,TRUE,FALSE,TRUE,FALSE,FALSE,FALSE,FALSE,FALSE,FALSE,TRUE,TRUE,